name,year,rank,sex
William,1904,1,M
John,1904,2,M
George,1904,3,M
Thomas,1904,4,M
Arthur,1904,5,M
James,1904,6,M
Charles,1904,7,M
Frederick,1904,8,M
Albert,1904,9,M
Ernest,1904,10,M
Alfred,1904,11,M
Edward,1904,12,M
Joseph,1904,13,M
Harold,1904,14,M
Robert,1904,15,M
Frank,1904,16,M
Henry,1904,17,M
Harry,1904,18,M
Walter,1904,19,M
Reginald,1904,20,M
Herbert,1904,21,M
Leonard,1904,22,M
Stanley,1904,23,M
Leslie,1904,24,M
Richard,1904,25,M
Cyril,1904,26,M
Sidney,1904,27,M
Francis,1904,28,M
Percy,1904,29,M
David,1904,30,M
Wilfred,1904,31,M
Samuel,1904,32,M
Norman,1904,33,M
Cecil,1904,34,M
Eric,1904,35,M
Sydney,1904,36,M
Horace,1904,37,M
Fred,1904,38,M
Jack,1904,39,M
Edwin,1904,40,M
Ronald,1904,41,M
Alexander,1904,42,M
Clifford,1904,43,M
Patrick,1904,44,M
Bernard,1904,45,M
Michael,1904,46,M
Victor,1904,47,M
Philip,1904,48,M
Edgar,1904,49,M
Maurice,1904,50,M
Donald,1904,51,M
Kenneth,1904,52,M
Benjamin,1904,53,M
Douglas,1904,54,M
Hugh,1904,55,M
Lawrence,1904,56,M
Daniel,1904,57,M
Geoffrey,1904,58,M
Peter,1904,59,M
Archibald,1904,60,M
Christopher,1904,61,M
Alan,1904,62,M
Tom,1904,63,M
Gilbert,1904,64,M
Hubert,1904,65,M
Ralph,1904,66,M
Stephen,1904,67,M
Gerald,1904,68,M
Bertie,1904,69,M
Lewis,1904,70,M
Andrew,1904,71,M
Percival,1904,72,M
Raymond,1904,73,M
Bertram,1904,74,M
Arnold,1904,75,M
Edmund,1904,76,M
Clarence,1904,77,M
Louis,1904,78,M
Ivor,1904,79,M
Roland,1904,80,M
Mark,1904,81,M
Gordon,1904,82,M
Claude,1904,83,M
Matthew,1904,84,M
Martin,1904,85,M
Lionel,1904,86,M
Dennis,1904,87,M
Evan,1904,88,M
Hector,1904,89,M
Alec,1904,90,M
Anthony,1904,91,M
Allan,1904,92,M
Oliver,1904,93,M
Owen,1904,94,M
Howard,1904,95,M
John,1914,1,M
William,1914,2,M
George,1914,3,M
Thomas,1914,4,M
James,1914,5,M
Arthur,1914,6,M
Frederick,1914,7,M
Albert,1914,8,M
Charles,1914,9,M
Robert,1914,10,M
Edward,1914,11,M
Joseph,1914,12,M
Ernest,1914,13,M
Alfred,1914,14,M
Frank,1914,15,M
Henry,1914,16,M
Leslie,1914,17,M
Harold,1914,18,M
Harry,1914,19,M
Leonard,1914,20,M
Ronald,1914,21,M
Stanley,1914,22,M
Walter,1914,23,M
Reginald,1914,24,M
Herbert,1914,25,M
Richard,1914,26,M
Eric,1914,27,M
Norman,1914,28,M
Cyril,1914,29,M
Jack,1914,30,M
Sidney,1914,31,M
David,1914,32,M
Kenneth,1914,33,M
Francis,1914,34,M
Wilfred,1914,35,M
Samuel,1914,36,M
Sydney,1914,37,M
Patrick,1914,38,M
Michael,1914,39,M
Bernard,1914,40,M
Donald,1914,41,M
Peter,1914,42,M
Horace,1914,43,M
Percy,1914,44,M
Clifford,1914,45,M
Cecil,1914,46,M
Fred,1914,47,M
Maurice,1914,48,M
Victor,1914,49,M
Edwin,1914,50,M
Raymond,1914,51,M
Philip,1914,52,M
Alexander,1914,53,M
Gordon,1914,54,M
Geoffrey,1914,55,M
Dennis,1914,56,M
Douglas,1914,57,M
Alan,1914,58,M
Daniel,1914,59,M
Ralph,1914,60,M
Hugh,1914,61,M
Lawrence,1914,62,M
Benjamin,1914,63,M
Roy,1914,64,M
Edgar,1914,65,M
Christopher,1914,66,M
Andrew,1914,67,M
Stephen,1914,68,M
Denis,1914,69,M
Gerald,1914,70,M
Hubert,1914,71,M
Gilbert,1914,72,M
Ivor,1914,73,M
Tom,1914,74,M
Arnold,1914,75,M
Anthony,1914,76,M
Bertram,1914,77,M
Lewis,1914,78,M
Louis,1914,79,M
Edmund,1914,80,M
Lionel,1914,81,M
Colin,1914,82,M
Roland,1914,83,M
Alec,1914,84,M
Matthew,1914,85,M
Martin,1914,86,M
Laurence,1914,87,M
Archibald,1914,88,M
Allan,1914,89,M
Clarence,1914,90,M
Vincent,1914,91,M
Basil,1914,92,M
Paul,1914,93,M
Percival,1914,94,M
Howard,1914,95,M
John,1924,1,M
William,1924,2,M
George,1924,3,M
James,1924,4,M
Thomas,1924,5,M
Ronald,1924,6,M
Kenneth,1924,7,M
Robert,1924,8,M
Arthur,1924,9,M
Frederick,1924,10,M
Peter,1924,11,M
Edward,1924,12,M
Albert,1924,13,M
Charles,1924,14,M
Leslie,1924,15,M
Joseph,1924,16,M
Stanley,1924,17,M
Eric,1924,18,M
Frank,1924,19,M
Dennis,1924,20,M
David,1924,21,M
Norman,1924,22,M
Ernest,1924,23,M
Henry,1924,24,M
Leonard,1924,25,M
Harold,1924,26,M
Alfred,1924,27,M
Raymond,1924,28,M
Donald,1924,29,M
Harry,1924,30,M
Reginald,1924,31,M
Richard,1924,32,M
Jack,1924,33,M
Walter,1924,34,M
Cyril,1924,35,M
Geoffrey,1924,36,M
Alan,1924,37,M
Douglas,1924,38,M
Gordon,1924,39,M
Michael,1924,40,M
Roy,1924,41,M
Bernard,1924,42,M
Francis,1924,43,M
Patrick,1924,44,M
Sidney,1924,45,M
Herbert,1924,46,M
Maurice,1924,47,M
Clifford,1924,48,M
Anthony,1924,49,M
Victor,1924,50,M
Gerald,1924,51,M
Derek,1924,52,M
Philip,1924,53,M
Alexander,1924,54,M
Wilfred,1924,55,M
Edwin,1924,56,M
Samuel,1924,57,M
Denis,1924,58,M
Sydney,1924,59,M
Cecil,1924,60,M
Colin,1924,61,M
Lawrence,1924,62,M
Fred,1924,63,M
Ralph,1924,64,M
Desmond,1924,65,M
Brian,1924,66,M
Percy,1924,67,M
Terence,1924,68,M
Christopher,1924,69,M
Horace,1924,70,M
Hugh,1924,71,M
Daniel,1924,72,M
Andrew,1924,73,M
Derrick,1924,74,M
Allan,1924,75,M
Stephen,1924,76,M
Ivor,1924,77,M
Vincent,1924,78,M
Trevor,1924,79,M
Basil,1924,80,M
Arnold,1924,81,M
Roland,1924,82,M
Benjamin,1924,83,M
Edgar,1924,84,M
Ian,1924,85,M
Keith,1924,86,M
Hubert,1924,87,M
Paul,1924,88,M
Martin,1924,89,M
Lionel,1924,90,M
Mohammed,1924,91,M
Graham,1924,92,M
Howard,1924,93,M
Alec,1924,94,M
Gilbert,1924,95,M
John,1934,1,M
Peter,1934,2,M
William,1934,3,M
Brian,1934,4,M
David,1934,5,M
James,1934,6,M
Michael,1934,7,M
Ronald,1934,8,M
Kenneth,1934,9,M
George,1934,10,M
Robert,1934,11,M
Thomas,1934,12,M
Alan,1934,13,M
Derek,1934,14,M
Raymond,1934,15,M
Anthony,1934,16,M
Roy,1934,17,M
Donald,1934,18,M
Dennis,1934,19,M
Edward,1934,20,M
Gordon,1934,21,M
Terence,1934,22,M
Joseph,1934,23,M
Frederick,1934,24,M
Arthur,1934,25,M
Colin,1934,26,M
Eric,1934,27,M
Richard,1934,28,M
Charles,1934,29,M
Norman,1934,30,M
Leslie,1934,31,M
Patrick,1934,32,M
Geoffrey,1934,33,M
Frank,1934,34,M
Albert,1934,35,M
Keith,1934,36,M
Leonard,1934,37,M
Bernard,1934,38,M
Stanley,1934,39,M
Gerald,1934,40,M
Reginald,1934,41,M
Francis,1934,42,M
Maurice,1934,43,M
Douglas,1934,44,M
Henry,1934,45,M
Malcolm,1934,46,M
Ernest,1934,47,M
Harold,1934,48,M
Alfred,1934,49,M
Graham,1934,50,M
Harry,1934,51,M
Jack,1934,52,M
Barry,1934,53,M
Walter,1934,54,M
Ian,1934,55,M
Philip,1934,56,M
Christopher,1934,57,M
Bryan,1934,58,M
Trevor,1934,59,M
Clifford,1934,60,M
Cyril,1934,61,M
Victor,1934,62,M
Paul,1934,63,M
Denis,1934,64,M
Allan,1934,65,M
Alexander,1934,66,M
Roger,1934,67,M
Mohammed,1934,68,M
Sidney,1934,69,M
Clive,1934,70,M
Daniel,1934,71,M
Lawrence,1934,72,M
Herbert,1934,73,M
Edwin,1934,74,M
Samuel,1934,75,M
Ralph,1934,76,M
Derrick,1934,77,M
Abdul,1934,78,M
Andrew,1934,79,M
Martin,1934,80,M
Hugh,1934,81,M
Robin,1934,82,M
Neville,1934,83,M
Stephen,1934,84,M
Vincent,1934,85,M
Jeffrey,1934,86,M
Ivor,1934,87,M
Desmond,1934,88,M
Wilfred,1934,89,M
Sydney,1934,90,M
Ivan,1934,91,M
Barrie,1934,92,M
Royston,1934,93,M
Cecil,1934,94,M
Neil,1934,95,M
John,1944,1,M
David,1944,2,M
Michael,1944,3,M
Peter,1944,4,M
Robert,1944,5,M
Anthony,1944,6,M
Brian,1944,7,M
Alan,1944,8,M
William,1944,9,M
James,1944,10,M
Richard,1944,11,M
Kenneth,1944,12,M
Roger,1944,13,M
Keith,1944,14,M
Colin,1944,15,M
Christopher,1944,16,M
Raymond,1944,17,M
Terence,1944,18,M
Thomas,1944,19,M
Barry,1944,20,M
George,1944,21,M
Graham,1944,22,M
Ian,1944,23,M
Malcolm,1944,24,M
Geoffrey,1944,25,M
Ronald,1944,26,M
Derek,1944,27,M
Paul,1944,28,M
Edward,1944,29,M
Roy,1944,30,M
Patrick,1944,31,M
Philip,1944,32,M
Trevor,1944,33,M
Dennis,1944,34,M
Leslie,1944,35,M
Joseph,1944,36,M
Bernard,1944,37,M
Charles,1944,38,M
Eric,1944,39,M
Stephen,1944,40,M
Martin,1944,41,M
Frederick,1944,42,M
Norman,1944,43,M
Gordon,1944,44,M
Andrew,1944,45,M
Frank,1944,46,M
Arthur,1944,47,M
Rodney,1944,48,M
Gerald,1944,49,M
Clive,1944,50,M
Jeffrey,1944,51,M
Douglas,1944,52,M
Donald,1944,53,M
Francis,1944,54,M
Stuart,1944,55,M
Victor,1944,56,M
Robin,1944,57,M
Allan,1944,58,M
Leonard,1944,59,M
Stanley,1944,60,M
Albert,1944,61,M
Maurice,1944,62,M
Henry,1944,63,M
Howard,1944,64,M
Harry,1944,65,M
Alexander,1944,66,M
Kevin,1944,67,M
Clifford,1944,68,M
Nigel,1944,69,M
Barrie,1944,70,M
Reginald,1944,71,M
Ernest,1944,72,M
Alfred,1944,73,M
Adrian,1944,74,M
Harold,1944,75,M
Nicholas,1944,76,M
Timothy,1944,77,M
Melvyn,1944,78,M
Bryan,1944,79,M
Neil,1944,80,M
Jack,1944,81,M
Daniel,1944,82,M
Lawrence,1944,83,M
Hugh,1944,84,M
Denis,1944,85,M
Walter,1944,86,M
Mohammed,1944,87,M
Terry,1944,88,M
Edwin,1944,89,M
Ralph,1944,90,M
Ivan,1944,91,M
Bruce,1944,92,M
Phillip,1944,93,M
Vincent,1944,94,M
Gary,1944,95,M
David,1954,1,M
John,1954,2,M
Stephen,1954,3,M
Michael,1954,4,M
Peter,1954,5,M
Robert,1954,6,M
Paul,1954,7,M
Alan,1954,8,M
Christopher,1954,9,M
Richard,1954,10,M
Anthony,1954,11,M
Andrew,1954,12,M
Ian,1954,13,M
James,1954,14,M
William,1954,15,M
Philip,1954,16,M
Brian,1954,17,M
Keith,1954,18,M
Graham,1954,19,M
Kevin,1954,20,M
Martin,1954,21,M
Colin,1954,22,M
Steven,1954,23,M
Thomas,1954,24,M
Kenneth,1954,25,M
Raymond,1954,26,M
Nigel,1954,27,M
Geoffrey,1954,28,M
Terence,1954,29,M
Trevor,1954,30,M
Malcolm,1954,31,M
Mark,1954,32,M
Barry,1954,33,M
Gary,1954,34,M
George,1954,35,M
Nicholas,1954,36,M
Derek,1954,37,M
Charles,1954,38,M
Patrick,1954,39,M
Timothy,1954,40,M
Roger,1954,41,M
Leslie,1954,42,M
Ronald,1954,43,M
Clive,1954,44,M
Edward,1954,45,M
Neil,1954,46,M
Joseph,1954,47,M
Jeffrey,1954,48,M
Stuart,1954,49,M
Roy,1954,50,M
Gordon,1954,51,M
Jonathan,1954,52,M
Simon,1954,53,M
Adrian,1954,54,M
Dennis,1954,55,M
Mohammed,1954,56,M
Phillip,1954,57,M
Allan,1954,58,M
Robin,1954,59,M
Gerald,1954,60,M
Francis,1954,61,M
Eric,1954,62,M
Bernard,1954,63,M
Donald,1954,64,M
Frank,1954,65,M
Norman,1954,66,M
Frederick,1954,67,M
Howard,1954,68,M
Douglas,1954,69,M
Jeremy,1954,70,M
Alexander,1954,71,M
Arthur,1954,72,M
Daniel,1954,73,M
Abdul,1954,74,M
Martyn,1954,75,M
Leonard,1954,76,M
Lawrence,1954,77,M
Gerard,1954,78,M
Tony,1954,79,M
Bryan,1954,80,M
Clifford,1954,81,M
Garry,1954,82,M
Henry,1954,83,M
Mohammad,1954,84,M
Gareth,1954,85,M
Stanley,1954,86,M
Vincent,1954,87,M
Victor,1954,88,M
Hugh,1954,89,M
Mohamed,1954,90,M
Stewart,1954,91,M
Terry,1954,92,M
Albert,1954,93,M
Gregory,1954,94,M
Maurice,1954,95,M
David,1964,1,M
Paul,1964,2,M
Andrew,1964,3,M
Mark,1964,4,M
John,1964,5,M
Michael,1964,6,M
Stephen,1964,7,M
Ian,1964,8,M
Robert,1964,9,M
Richard,1964,10,M
Christopher,1964,11,M
Peter,1964,12,M
Simon,1964,13,M
Anthony,1964,14,M
Kevin,1964,15,M
Gary,1964,16,M
Steven,1964,17,M
Martin,1964,18,M
James,1964,19,M
Philip,1964,20,M
Alan,1964,21,M
Neil,1964,22,M
Nigel,1964,23,M
Timothy,1964,24,M
Colin,1964,25,M
Graham,1964,26,M
Jonathan,1964,27,M
Nicholas,1964,28,M
William,1964,29,M
Adrian,1964,30,M
Brian,1964,31,M
Stuart,1964,32,M
Keith,1964,33,M
Thomas,1964,34,M
Patrick,1964,35,M
Sean,1964,36,M
Carl,1964,37,M
Trevor,1964,38,M
Wayne,1964,39,M
Shaun,1964,40,M
Kenneth,1964,41,M
Barry,1964,42,M
Derek,1964,43,M
Dean,1964,44,M
Raymond,1964,45,M
Antony,1964,46,M
Jeremy,1964,47,M
Joseph,1964,48,M
Edward,1964,49,M
Lee,1964,50,M
Terence,1964,51,M
Matthew,1964,52,M
Daniel,1964,53,M
George,1964,54,M
Russell,1964,55,M
Charles,1964,56,M
Jeffrey,1964,57,M
Clive,1964,58,M
Phillip,1964,59,M
Craig,1964,60,M
Roger,1964,61,M
Julian,1964,62,M
Geoffrey,1964,63,M
Karl,1964,64,M
Malcolm,1964,65,M
Darren,1964,66,M
Tony,1964,67,M
Adam,1964,68,M
Robin,1964,69,M
Garry,1964,70,M
Roy,1964,71,M
Vincent,1964,72,M
Mohammed,1964,73,M
Gordon,1964,74,M
Duncan,1964,75,M
Leslie,1964,76,M
Alexander,1964,77,M
Gregory,1964,78,M
Gareth,1964,79,M
Ronald,1964,80,M
Douglas,1964,81,M
Francis,1964,82,M
Stewart,1964,83,M
Graeme,1964,84,M
Guy,1964,85,M
Terry,1964,86,M
Martyn,1964,87,M
Eric,1964,88,M
Allan,1964,89,M
Gerard,1964,90,M
Gerald,1964,91,M
Howard,1964,92,M
Jason,1964,93,M
Iain,1964,94,M
Glenn,1964,95,M
Paul,1974,1,M
Mark,1974,2,M
David,1974,3,M
Andrew,1974,4,M
Richard,1974,5,M
Christopher,1974,6,M
James,1974,7,M
Simon,1974,8,M
Michael,1974,9,M
Matthew,1974,10,M
Stephen,1974,11,M
Lee,1974,12,M
John,1974,13,M
Robert,1974,14,M
Darren,1974,15,M
Daniel,1974,16,M
Steven,1974,17,M
Jason,1974,18,M
Nicholas,1974,19,M
Jonathan,1974,20,M
Ian,1974,21,M
Neil,1974,22,M
Peter,1974,23,M
Stuart,1974,24,M
Anthony,1974,25,M
Martin,1974,26,M
Kevin,1974,27,M
Craig,1974,28,M
Philip,1974,29,M
Gary,1974,30,M
Scott,1974,31,M
Wayne,1974,32,M
Timothy,1974,33,M
Benjamin,1974,34,M
Adam,1974,35,M
Alan,1974,36,M
Dean,1974,37,M
Adrian,1974,38,M
Carl,1974,39,M
Thomas,1974,40,M
William,1974,41,M
Graham,1974,42,M
Alexander,1974,43,M
Colin,1974,44,M
Jamie,1974,45,M
Gareth,1974,46,M
Justin,1974,47,M
Barry,1974,48,M
Christian,1974,49,M
Karl,1974,50,M
Brian,1974,51,M
Edward,1974,52,M
Keith,1974,53,M
Marc,1974,54,M
Nigel,1974,55,M
Sean,1974,56,M
Shaun,1974,57,M
Nathan,1974,58,M
Joseph,1974,59,M
Russell,1974,60,M
Mohammed,1974,61,M
Jeremy,1974,62,M
Phillip,1974,63,M
Damian,1974,64,M
Shane,1974,65,M
Duncan,1974,66,M
Patrick,1974,67,M
Julian,1974,68,M
Dominic,1974,69,M
Charles,1974,70,M
Marcus,1974,71,M
Gavin,1974,72,M
Tony,1974,73,M
Antony,1974,74,M
Robin,1974,75,M
Trevor,1974,76,M
Glen,1974,77,M
Iain,1974,78,M
Ryan,1974,79,M
Martyn,1974,80,M
Gregory,1974,81,M
Samuel,1974,82,M
George,1974,83,M
Oliver,1974,84,M
Raymond,1974,85,M
Abdul,1974,86,M
Mathew,1974,87,M
Stewart,1974,88,M
Malcolm,1974,89,M
Garry,1974,90,M
Leon,1974,91,M
Brett,1974,92,M
Terry,1974,93,M
Kenneth,1974,94,M
Luke,1974,95,M
Christopher,1984,1,M
James,1984,2,M
David,1984,3,M
Daniel,1984,4,M
Michael,1984,5,M
Matthew,1984,6,M
Andrew,1984,7,M
Richard,1984,8,M
Paul,1984,9,M
Mark,1984,10,M
Thomas,1984,11,M
Adam,1984,12,M
Robert,1984,13,M
John,1984,14,M
Lee,1984,15,M
Benjamin,1984,16,M
Steven,1984,17,M
Jonathan,1984,18,M
Craig,1984,19,M
Stephen,1984,20,M
Simon,1984,21,M
Nicholas,1984,22,M
Peter,1984,23,M
Anthony,1984,24,M
Alexander,1984,25,M
Gary,1984,26,M
Ian,1984,27,M
Ryan,1984,28,M
Luke,1984,29,M
Jamie,1984,30,M
Stuart,1984,31,M
Philip,1984,32,M
Darren,1984,33,M
William,1984,34,M
Gareth,1984,35,M
Martin,1984,36,M
Kevin,1984,37,M
Scott,1984,38,M
Dean,1984,39,M
Joseph,1984,40,M
Jason,1984,41,M
Neil,1984,42,M
Samuel,1984,43,M
Carl,1984,44,M
Ben,1984,45,M
Sean,1984,46,M
Timothy,1984,47,M
Oliver,1984,48,M
Ashley,1984,49,M
Wayne,1984,50,M
Edward,1984,51,M
Shaun,1984,52,M
Aaron,1984,53,M
Mohammed,1984,54,M
Gavin,1984,55,M
Liam,1984,56,M
Nathan,1984,57,M
Alan,1984,58,M
Graham,1984,59,M
Ross,1984,60,M
Karl,1984,61,M
Marc,1984,62,M
Adrian,1984,63,M
Phillip,1984,64,M
Patrick,1984,65,M
Lewis,1984,66,M
Colin,1984,67,M
Russell,1984,68,M
Charles,1984,69,M
Shane,1984,70,M
George,1984,71,M
Sam,1984,72,M
Mathew,1984,73,M
Jack,1984,74,M
Ricky,1984,75,M
Dale,1984,76,M
Tony,1984,77,M
Joshua,1984,78,M
Alex,1984,79,M
Dominic,1984,80,M
Barry,1984,81,M
Leon,1984,82,M
Mohammad,1984,83,M
Terry,1984,84,M
Gregory,1984,85,M
Danny,1984,86,M
Brian,1984,87,M
Keith,1984,88,M
Antony,1984,89,M
Kieran,1984,90,M
Justin,1984,91,M
Bradley,1984,92,M
Jordan,1984,93,M
Martyn,1984,94,M
Leigh,1984,95,M
Thomas,1994,1,M
James,1994,2,M
Jack,1994,3,M
Daniel,1994,4,M
Matthew,1994,5,M
Ryan,1994,6,M
Joshua,1994,7,M
Luke,1994,8,M
Samuel,1994,9,M
Jordan,1994,10,M
Adam,1994,11,M
Michael,1994,12,M
Alexander,1994,13,M
Christopher,1994,14,M
Benjamin,1994,15,M
Joseph,1994,16,M
Liam,1994,17,M
Jake,1994,18,M
William,1994,19,M
Andrew,1994,20,M
George,1994,21,M
Lewis,1994,22,M
Oliver,1994,23,M
David,1994,24,M
Robert,1994,25,M
Jamie,1994,26,M
Nathan,1994,27,M
Connor,1994,28,M
Jonathan,1994,29,M
Harry,1994,30,M
Callum,1994,31,M
Aaron,1994,32,M
Ashley,1994,33,M
Bradley,1994,34,M
Jacob,1994,35,M
Kieran,1994,36,M
Scott,1994,37,M
Sam,1994,38,M
John,1994,39,M
Ben,1994,40,M
Mohammed,1994,41,M
Nicholas,1994,42,M
Kyle,1994,43,M
Charles,1994,44,M
Mark,1994,45,M
Sean,1994,46,M
Edward,1994,47,M
Stephen,1994,48,M
Richard,1994,49,M
Alex,1994,50,M
Peter,1994,51,M
Dominic,1994,52,M
Joe,1994,53,M
Reece,1994,54,M
Lee,1994,55,M
Rhys,1994,56,M
Steven,1994,57,M
Anthony,1994,58,M
Charlie,1994,59,M
Paul,1994,60,M
Craig,1994,61,M
Jason,1994,62,M
Dale,1994,63,M
Ross,1994,64,M
Cameron,1994,65,M
Louis,1994,66,M
Dean,1994,67,M
Conor,1994,68,M
Shane,1994,69,M
Elliot,1994,70,M
Patrick,1994,71,M
Max,1994,72,M
Shaun,1994,73,M
Henry,1994,74,M
Simon,1994,75,M
Timothy,1994,76,M
Mitchell,1994,77,M
Billy,1994,78,M
Philip,1994,79,M
Joel,1994,80,M
Josh,1994,81,M
Marcus,1994,82,M
Dylan,1994,83,M
Carl,1994,84,M
Elliott,1994,85,M
Brandon,1994,86,M
Martin,1994,87,M
Toby,1994,88,M
Stuart,1994,89,M
Gareth,1994,90,M
Danny,1994,91,M
Christian,1994,92,M
Tom,1994,93,M
Declan,1994,94,M
Karl,1994,95,M
Mary,1904,1,F
Florence,1904,2,F
Doris,1904,3,F
Edith,1904,4,F
Dorothy,1904,5,F
Annie,1904,6,F
Margaret,1904,7,F
Alice,1904,8,F
Elizabeth,1904,9,F
Elsie,1904,10,F
Gladys,1904,11,F
Winifred,1904,12,F
Ethel,1904,13,F
Hilda,1904,14,F
Lilian,1904,15,F
Ivy,1904,16,F
Violet,1904,17,F
Kathleen,1904,18,F
Ellen,1904,19,F
Lily,1904,20,F
Sarah,1904,21,F
Nellie,1904,22,F
Emily,1904,23,F
Mabel,1904,24,F
Ada,1904,25,F
Beatrice,1904,26,F
Marjorie,1904,27,F
may,1904,28,F
Rose,1904,29,F
Olive,1904,30,F
Evelyn,1904,31,F
Phyllis,1904,32,F
Gertrude,1904,33,F
Catherine,1904,34,F
Agnes,1904,35,F
Jessie,1904,36,F
Frances,1904,37,F
Grace,1904,38,F
Irene,1904,39,F
Eva,1904,40,F
Constance,1904,41,F
Edna,1904,42,F
Jane,1904,43,F
Amy,1904,44,F
Vera,1904,45,F
Muriel,1904,46,F
Daisy,1904,47,F
Minnie,1904,48,F
Maud,1904,49,F
Lucy,1904,50,F
Emma,1904,51,F
Eleanor,1904,52,F
Louisa,1904,53,F
Dora,1904,54,F
Nora,1904,55,F
Gwendoline,1904,56,F
Helen,1904,57,F
Ida,1904,58,F
Clara,1904,59,F
Hannah,1904,60,F
Anne,1904,61,F
Norah,1904,62,F
Kate,1904,63,F
Martha,1904,64,F
Bertha,1904,65,F
Lillian,1904,66,F
Ann,1904,67,F
Marion,1904,68,F
Bessie,1904,69,F
Eileen,1904,70,F
Laura,1904,71,F
Mildred,1904,72,F
Ruth,1904,73,F
Isabella,1904,74,F
Charlotte,1904,75,F
Esther,1904,76,F
Ruby,1904,77,F
Harriet,1904,78,F
Marie,1904,79,F
Maria,1904,80,F
Caroline,1904,81,F
Barbara,1904,82,F
Eliza,1904,83,F
Rosina,1904,84,F
Amelia,1904,85,F
Freda,1904,86,F
Millicent,1904,87,F
Janet,1904,88,F
Fanny,1904,89,F
Joan,1904,90,F
Lydia,1904,91,F
Iris,1904,92,F
Blanche,1904,93,F
Miriam,1904,94,F
Jean,1904,95,F
Mary,1914,1,F
Margaret,1914,2,F
Doris,1914,3,F
Dorothy,1914,4,F
Kathleen,1914,5,F
Florence,1914,6,F
Elsie,1914,7,F
Edith,1914,8,F
Elizabeth,1914,9,F
Winifred,1914,10,F
Gladys,1914,11,F
Annie,1914,12,F
Alice,1914,13,F
Phyllis,1914,14,F
Hilda,1914,15,F
Lilian,1914,16,F
Ivy,1914,17,F
Marjorie,1914,18,F
Ethel,1914,19,F
Violet,1914,20,F
Irene,1914,21,F
Edna,1914,22,F
Vera,1914,23,F
Ellen,1914,24,F
Lily,1914,25,F
Olive,1914,26,F
Eileen,1914,27,F
Evelyn,1914,28,F
Joan,1914,29,F
Rose,1914,30,F
Sarah,1914,31,F
Nellie,1914,32,F
Beatrice,1914,33,F
Mabel,1914,34,F
may,1914,35,F
Catherine,1914,36,F
Frances,1914,37,F
Emily,1914,38,F
Ada,1914,39,F
Jessie,1914,40,F
Muriel,1914,41,F
Grace,1914,42,F
Agnes,1914,43,F
Constance,1914,44,F
Gwendoline,1914,45,F
Gertrude,1914,46,F
Nora,1914,47,F
Eva,1914,48,F
Joyce,1914,49,F
Nancy,1914,50,F
Jane,1914,51,F
Freda,1914,52,F
Barbara,1914,53,F
Daisy,1914,54,F
Anne,1914,55,F
Norah,1914,56,F
Amy,1914,57,F
Iris,1914,58,F
Dora,1914,59,F
Helen,1914,60,F
Lucy,1914,61,F
Ruth,1914,62,F
Marion,1914,63,F
Maud,1914,64,F
Betty,1914,65,F
Minnie,1914,66,F
Eleanor,1914,67,F
Ruby,1914,68,F
Ida,1914,69,F
Hannah,1914,70,F
Lillian,1914,71,F
Ann,1914,72,F
Louisa,1914,73,F
Bessie,1914,74,F
Jean,1914,75,F
Clara,1914,76,F
Marie,1914,77,F
Doreen,1914,78,F
Emma,1914,79,F
Mildred,1914,80,F
Isabella,1914,81,F
Sylvia,1914,82,F
Esther,1914,83,F
Martha,1914,84,F
Bertha,1914,85,F
Audrey,1914,86,F
Laura,1914,87,F
Margery,1914,88,F
Rosina,1914,89,F
Maria,1914,90,F
Janet,1914,91,F
Bridget,1914,92,F
Beryl,1914,93,F
Enid,1914,94,F
Josephine,1914,95,F
Margaret,1924,1,F
Mary,1924,2,F
Joan,1924,3,F
Joyce,1924,4,F
Dorothy,1924,5,F
Kathleen,1924,6,F
Doris,1924,7,F
Irene,1924,8,F
Elizabeth,1924,9,F
Eileen,1924,10,F
Betty,1924,11,F
Jean,1924,12,F
Marjorie,1924,13,F
Gladys,1924,14,F
Doreen,1924,15,F
Vera,1924,16,F
Elsie,1924,17,F
Barbara,1924,18,F
Winifred,1924,19,F
Edna,1924,20,F
Audrey,1924,21,F
Edith,1924,22,F
Florence,1924,23,F
Phyllis,1924,24,F
Lilian,1924,25,F
Hilda,1924,26,F
Olive,1924,27,F
Annie,1924,28,F
Violet,1924,29,F
Alice,1924,30,F
Patricia,1924,31,F
Ivy,1924,32,F
Muriel,1924,33,F
Iris,1924,34,F
Evelyn,1924,35,F
Peggy,1924,36,F
Catherine,1924,37,F
Ethel,1924,38,F
Beryl,1924,39,F
Gwendoline,1924,40,F
Ellen,1924,41,F
Sylvia,1924,42,F
Sheila,1924,43,F
Rose,1924,44,F
Constance,1924,45,F
Frances,1924,46,F
Lily,1924,47,F
Freda,1924,48,F
Marion,1924,49,F
Nancy,1924,50,F
Grace,1924,51,F
Beatrice,1924,52,F
Sarah,1924,53,F
Agnes,1924,54,F
Ruth,1924,55,F
may,1924,56,F
Nora,1924,57,F
Brenda,1924,58,F
Jessie,1924,59,F
Pamela,1924,60,F
Anne,1924,61,F
Helen,1924,62,F
Marie,1924,63,F
Mabel,1924,64,F
Eva,1924,65,F
Maria,1924,66,F
Ruby,1924,67,F
Nellie,1924,68,F
Hazel,1924,69,F
Emily,1924,70,F
Josephine,1924,71,F
Daphne,1924,72,F
Jane,1924,73,F
Ada,1924,74,F
Pauline,1924,75,F
Ann,1924,76,F
Enid,1924,77,F
Gertrude,1924,78,F
Rita,1924,79,F
June,1924,80,F
Stella,1924,81,F
Norah,1924,82,F
Mavis,1924,83,F
Thelma,1924,84,F
Mildred,1924,85,F
Bridget,1924,86,F
Monica,1924,87,F
Daisy,1924,88,F
Eleanor,1924,89,F
Lillian,1924,90,F
Alma,1924,91,F
Lucy,1924,92,F
Dora,1924,93,F
Christine,1924,94,F
Maureen,1924,95,F
Margaret,1934,1,F
Jean,1934,2,F
Mary,1934,3,F
Joan,1934,4,F
Patricia,1934,5,F
Sheila,1934,6,F
Barbara,1934,7,F
Doreen,1934,8,F
June,1934,9,F
Shirley,1934,10,F
Dorothy,1934,11,F
Joyce,1934,12,F
Maureen,1934,13,F
Elizabeth,1934,14,F
Audrey,1934,15,F
Brenda,1934,16,F
Kathleen,1934,17,F
Sylvia,1934,18,F
Eileen,1934,19,F
Pamela,1934,20,F
Betty,1934,21,F
Beryl,1934,22,F
Ann,1934,23,F
Irene,1934,24,F
Janet,1934,25,F
Anne,1934,26,F
Rita,1934,27,F
Pauline,1934,28,F
Mavis,1934,29,F
Iris,1934,30,F
Marjorie,1934,31,F
Valerie,1934,32,F
Doris,1934,33,F
Marion,1934,34,F
Marina,1934,35,F
Catherine,1934,36,F
Vera,1934,37,F
Josephine,1934,38,F
Edna,1934,39,F
Lilian,1934,40,F
Norma,1934,41,F
Rosemary,1934,42,F
Phyllis,1934,43,F
Hazel,1934,44,F
Evelyn,1934,45,F
Edith,1934,46,F
Olive,1934,47,F
Winifred,1934,48,F
Florence,1934,49,F
Ruth,1934,50,F
Elsie,1934,51,F
Muriel,1934,52,F
Marie,1934,53,F
Daphne,1934,54,F
Frances,1934,55,F
Christine,1934,56,F
Thelma,1934,57,F
Gladys,1934,58,F
Maria,1934,59,F
Gwendoline,1934,60,F
Hilda,1934,61,F
Violet,1934,62,F
Helen,1934,63,F
Rose,1934,64,F
Cynthia,1934,65,F
Alice,1934,66,F
Gillian,1934,67,F
Enid,1934,68,F
Annie,1934,69,F
Yvonne,1934,70,F
Freda,1934,71,F
Ellen,1934,72,F
Ivy,1934,73,F
Jane,1934,74,F
Peggy,1934,75,F
Sarah,1934,76,F
Marlene,1934,77,F
Nancy,1934,78,F
Bridget,1934,79,F
Diana,1934,80,F
Grace,1934,81,F
Teresa,1934,82,F
Veronica,1934,83,F
Agnes,1934,84,F
Angela,1934,85,F
Constance,1934,86,F
Jennifer,1934,87,F
Marian,1934,88,F
Jill,1934,89,F
Wendy,1934,90,F
Ethel,1934,91,F
Joy,1934,92,F
Jacqueline,1934,93,F
Gloria,1934,94,F
Lily,1934,95,F
Margaret,1944,1,F
Patricia,1944,2,F
Christine,1944,3,F
Mary,1944,4,F
Jean,1944,5,F
Ann,1944,6,F
Susan,1944,7,F
Janet,1944,8,F
Maureen,1944,9,F
Barbara,1944,10,F
Valerie,1944,11,F
Carol,1944,12,F
Sandra,1944,13,F
Pauline,1944,14,F
Elizabeth,1944,15,F
Joan,1944,16,F
Pamela,1944,17,F
Jennifer,1944,18,F
Kathleen,1944,19,F
Anne,1944,20,F
Sheila,1944,21,F
Brenda,1944,22,F
Gillian,1944,23,F
Linda,1944,24,F
Jacqueline,1944,25,F
Sylvia,1944,26,F
Carole,1944,27,F
Eileen,1944,28,F
Wendy,1944,29,F
Judith,1944,30,F
Dorothy,1944,31,F
June,1944,32,F
Joyce,1944,33,F
Irene,1944,34,F
Diane,1944,35,F
Rosemary,1944,36,F
Angela,1944,37,F
Doreen,1944,38,F
Shirley,1944,39,F
Marion,1944,40,F
Rita,1944,41,F
Catherine,1944,42,F
Yvonne,1944,43,F
Josephine,1944,44,F
Helen,1944,45,F
Beryl,1944,46,F
Hazel,1944,47,F
Frances,1944,48,F
Janice,1944,49,F
Elaine,1944,50,F
Diana,1944,51,F
Veronica,1944,52,F
Jane,1944,53,F
Marilyn,1944,54,F
Lesley,1944,55,F
Norma,1944,56,F
Maria,1944,57,F
Heather,1944,58,F
Gloria,1944,59,F
Marie,1944,60,F
Marjorie,1944,61,F
Hilary,1944,62,F
Jill,1944,63,F
Cynthia,1944,64,F
Ruth,1944,65,F
Mavis,1944,66,F
Audrey,1944,67,F
Marlene,1944,68,F
Betty,1944,69,F
Julia,1944,70,F
Evelyn,1944,71,F
Penelope,1944,72,F
Lynda,1944,73,F
Christina,1944,74,F
Jeanette,1944,75,F
Carolyn,1944,76,F
Iris,1944,77,F
Anita,1944,78,F
Denise,1944,79,F
Kay,1944,80,F
Marian,1944,81,F
Vera,1944,82,F
Teresa,1944,83,F
Georgina,1944,84,F
Sally,1944,85,F
Sarah,1944,86,F
Bridget,1944,87,F
Lilian,1944,88,F
Monica,1944,89,F
Joy,1944,90,F
Glenys,1944,91,F
Julie,1944,92,F
Vivienne,1944,93,F
Daphne,1944,94,F
Caroline,1944,95,F
Susan,1954,1,F
Linda,1954,2,F
Christine,1954,3,F
Margaret,1954,4,F
Janet,1954,5,F
Patricia,1954,6,F
Carol,1954,7,F
Elizabeth,1954,8,F
Mary,1954,9,F
Anne,1954,10,F
Ann,1954,11,F
Jane,1954,12,F
Jacqueline,1954,13,F
Barbara,1954,14,F
Sandra,1954,15,F
Gillian,1954,16,F
Pauline,1954,17,F
Elaine,1954,18,F
Lesley,1954,19,F
Angela,1954,20,F
Pamela,1954,21,F
Helen,1954,22,F
Jennifer,1954,23,F
Valerie,1954,24,F
Jean,1954,25,F
Catherine,1954,26,F
Julie,1954,27,F
Kathleen,1954,28,F
Denise,1954,29,F
Maureen,1954,30,F
Judith,1954,31,F
Wendy,1954,32,F
Diane,1954,33,F
Sheila,1954,34,F
Janice,1954,35,F
Lynn,1954,36,F
Karen,1954,37,F
Yvonne,1954,38,F
Lynne,1954,39,F
Shirley,1954,40,F
Marion,1954,41,F
Maria,1954,42,F
Rosemary,1954,43,F
Carole,1954,44,F
Joan,1954,45,F
Marilyn,1954,46,F
June,1954,47,F
Lorraine,1954,48,F
Lynda,1954,49,F
Sally,1954,50,F
Marian,1954,51,F
Brenda,1954,52,F
Alison,1954,53,F
Teresa,1954,54,F
Julia,1954,55,F
Heather,1954,56,F
Marie,1954,57,F
Eileen,1954,58,F
Deborah,1954,59,F
Kathryn,1954,60,F
Hilary,1954,61,F
Caroline,1954,62,F
Sharon,1954,63,F
Sylvia,1954,64,F
Ruth,1954,65,F
Irene,1954,66,F
Dorothy,1954,67,F
Sarah,1954,68,F
Frances,1954,69,F
Josephine,1954,70,F
Jill,1954,71,F
Joyce,1954,72,F
Hazel,1954,73,F
Annette,1954,74,F
Beverley,1954,75,F
Gail,1954,76,F
Rita,1954,77,F
Geraldine,1954,78,F
Diana,1954,79,F
Carolyn,1954,80,F
Christina,1954,81,F
Penelope,1954,82,F
Jeanette,1954,83,F
Suzanne,1954,84,F
Amanda,1954,85,F
Dawn,1954,86,F
Theresa,1954,87,F
Anna,1954,88,F
Joy,1954,89,F
Doreen,1954,90,F
Fiona,1954,91,F
Cheryl,1954,92,F
Kay,1954,93,F
Glynis,1954,94,F
Anita,1954,95,F
Susan,1964,1,F
Julie,1964,2,F
Karen,1964,3,F
Jacqueline,1964,4,F
Deborah,1964,5,F
Tracey,1964,6,F
Jane,1964,7,F
Helen,1964,8,F
Diane,1964,9,F
Sharon,1964,10,F
Tracy,1964,11,F
Angela,1964,12,F
Sarah,1964,13,F
Alison,1964,14,F
Caroline,1964,15,F
Amanda,1964,16,F
Sandra,1964,17,F
Linda,1964,18,F
Catherine,1964,19,F
Elizabeth,1964,20,F
Carol,1964,21,F
Joanne,1964,22,F
Wendy,1964,23,F
Janet,1964,24,F
Dawn,1964,25,F
Christine,1964,26,F
Nicola,1964,27,F
Gillian,1964,28,F
Sally,1964,29,F
Maria,1964,30,F
Michelle,1964,31,F
Debra,1964,32,F
Paula,1964,33,F
Anne,1964,34,F
Lorraine,1964,35,F
Patricia,1964,36,F
Mary,1964,37,F
Denise,1964,38,F
Margaret,1964,39,F
Ann,1964,40,F
Beverley,1964,41,F
Donna,1964,42,F
Elaine,1964,43,F
Fiona,1964,44,F
Jennifer,1964,45,F
Lesley,1964,46,F
Louise,1964,47,F
Mandy,1964,48,F
Tina,1964,49,F
Jayne,1964,50,F
Suzanne,1964,51,F
Andrea,1964,52,F
Pauline,1964,53,F
Lisa,1964,54,F
Claire,1964,55,F
Kim,1964,56,F
Julia,1964,57,F
Teresa,1964,58,F
Heather,1964,59,F
Kathryn,1964,60,F
Lynn,1964,61,F
Ruth,1964,62,F
Yvonne,1964,63,F
Judith,1964,64,F
Melanie,1964,65,F
Marie,1964,66,F
Pamela,1964,67,F
Carole,1964,68,F
Barbara,1964,69,F
Gail,1964,70,F
Lynne,1964,71,F
Clare,1964,72,F
Janice,1964,73,F
Rachel,1964,74,F
Jill,1964,75,F
Katherine,1964,76,F
Kathleen,1964,77,F
Shirley,1964,78,F
Annette,1964,79,F
Carolyn,1964,80,F
Anna,1964,81,F
Sara,1964,82,F
Valerie,1964,83,F
Cheryl,1964,84,F
Jeanette,1964,85,F
Kay,1964,86,F
Anita,1964,87,F
Maxine,1964,88,F
Frances,1964,89,F
Joanna,1964,90,F
Theresa,1964,91,F
Debbie,1964,92,F
Lynda,1964,93,F
Maureen,1964,94,F
Rosemary,1964,95,F
Sarah,1974,1,F
Claire,1974,2,F
Nicola,1974,3,F
Emma,1974,4,F
Lisa,1974,5,F
Joanne,1974,6,F
Michelle,1974,7,F
Helen,1974,8,F
Samantha,1974,9,F
Karen,1974,10,F
Amanda,1974,11,F
Rachel,1974,12,F
Louise,1974,13,F
Julie,1974,14,F
Clare,1974,15,F
Rebecca,1974,16,F
Sharon,1974,17,F
Victoria,1974,18,F
Caroline,1974,19,F
Susan,1974,20,F
Alison,1974,21,F
Catherine,1974,22,F
Elizabeth,1974,23,F
Deborah,1974,24,F
Donna,1974,25,F
Tracey,1974,26,F
Tracy,1974,27,F
Angela,1974,28,F
Jane,1974,29,F
Zoe,1974,30,F
Kerry,1974,31,F
Melanie,1974,32,F
Sally,1974,33,F
Jennifer,1974,34,F
Dawn,1974,35,F
Andrea,1974,36,F
Suzanne,1974,37,F
Lucy,1974,38,F
Joanna,1974,39,F
Anna,1974,40,F
Charlotte,1974,41,F
Paula,1974,42,F
Katherine,1974,43,F
Maria,1974,44,F
Marie,1974,45,F
Fiona,1974,46,F
Kelly,1974,47,F
Natalie,1974,48,F
Kathryn,1974,49,F
Jacqueline,1974,50,F
Wendy,1974,51,F
Sara,1974,52,F
Hayley,1974,53,F
Laura,1974,54,F
Natasha,1974,55,F
Ruth,1974,56,F
Lorraine,1974,57,F
Tina,1974,58,F
Rachael,1974,59,F
Anne,1974,60,F
Stephanie,1974,61,F
Kirsty,1974,62,F
Christine,1974,63,F
Julia,1974,64,F
Gillian,1974,65,F
Cheryl,1974,66,F
Hannah,1974,67,F
Vanessa,1974,68,F
Ann,1974,69,F
Jayne,1974,70,F
Diane,1974,71,F
Heather,1974,72,F
Sandra,1974,73,F
Teresa,1974,74,F
Kate,1974,75,F
Linda,1974,76,F
Mary,1974,77,F
Elaine,1974,78,F
Georgina,1974,79,F
Emily,1974,80,F
Katie,1974,81,F
Alexandra,1974,82,F
Nichola,1974,83,F
Carol,1974,84,F
Sophie,1974,85,F
Heidi,1974,86,F
Kim,1974,87,F
Tanya,1974,88,F
Patricia,1974,89,F
Beverley,1974,90,F
Leanne,1974,91,F
Denise,1974,92,F
Tara,1974,93,F
Clair,1974,94,F
Sonia,1974,95,F
Sarah,1984,1,F
Laura,1984,2,F
Gemma,1984,3,F
Emma,1984,4,F
Rebecca,1984,5,F
Claire,1984,6,F
Victoria,1984,7,F
Samantha,1984,8,F
Rachel,1984,9,F
Amy,1984,10,F
Jennifer,1984,11,F
Nicola,1984,12,F
Katie,1984,13,F
Lisa,1984,14,F
Kelly,1984,15,F
Natalie,1984,16,F
Louise,1984,17,F
Michelle,1984,18,F
Hayley,1984,19,F
Hannah,1984,20,F
Helen,1984,21,F
Charlotte,1984,22,F
Joanne,1984,23,F
Lucy,1984,24,F
Elizabeth,1984,25,F
Leanne,1984,26,F
Danielle,1984,27,F
Donna,1984,28,F
Katherine,1984,29,F
Clare,1984,30,F
Stephanie,1984,31,F
Stacey,1984,32,F
Lauren,1984,33,F
Joanna,1984,34,F
Kerry,1984,35,F
Emily,1984,36,F
Catherine,1984,37,F
Sophie,1984,38,F
Anna,1984,39,F
Jessica,1984,40,F
Zoe,1984,41,F
Kirsty,1984,42,F
Kimberley,1984,43,F
Kate,1984,44,F
Jenna,1984,45,F
Caroline,1984,46,F
Natasha,1984,47,F
Rachael,1984,48,F
Amanda,1984,49,F
Kathryn,1984,50,F
Karen,1984,51,F
Alexandra,1984,52,F
Jodie,1984,53,F
Alison,1984,54,F
Sara,1984,55,F
Jemma,1984,56,F
Carly,1984,57,F
Heather,1984,58,F
Holly,1984,59,F
Ruth,1984,60,F
Fiona,1984,61,F
Melissa,1984,62,F
Angela,1984,63,F
Suzanne,1984,64,F
Katy,1984,65,F
Marie,1984,66,F
Naomi,1984,67,F
Cheryl,1984,68,F
Melanie,1984,69,F
Sally,1984,70,F
Julie,1984,71,F
Charlene,1984,72,F
Jade,1984,73,F
Sian,1984,74,F
Tracey,1984,75,F
Eleanor,1984,76,F
Deborah,1984,77,F
Maria,1984,78,F
Lindsey,1984,79,F
Abigail,1984,80,F
Lindsay,1984,81,F
Susan,1984,82,F
Alice,1984,83,F
Georgina,1984,84,F
Aimee,1984,85,F
Jane,1984,86,F
Kim,1984,87,F
Carla,1984,88,F
Christine,1984,89,F
Dawn,1984,90,F
Tanya,1984,91,F
Jenny,1984,92,F
Andrea,1984,93,F
Lyndsey,1984,94,F
Jacqueline,1984,95,F
Rebecca,1994,1,F
Lauren,1994,2,F
Jessica,1994,3,F
Charlotte,1994,4,F
Hannah,1994,5,F
Sophie,1994,6,F
Amy,1994,7,F
Emily,1994,8,F
Laura,1994,9,F
Emma,1994,10,F
Chloe,1994,11,F
Sarah,1994,12,F
Lucy,1994,13,F
Katie,1994,14,F
Bethany,1994,15,F
Jade,1994,16,F
Megan,1994,17,F
Alice,1994,18,F
Rachel,1994,19,F
Samantha,1994,20,F
Danielle,1994,21,F
Holly,1994,22,F
Abigail,1994,23,F
Olivia,1994,24,F
Stephanie,1994,25,F
Elizabeth,1994,26,F
Victoria,1994,27,F
Natasha,1994,28,F
Georgia,1994,29,F
Zoe,1994,30,F
Natalie,1994,31,F
Eleanor,1994,32,F
Shannon,1994,33,F
Paige,1994,34,F
Georgina,1994,35,F
Gemma,1994,36,F
Nicole,1994,37,F
Chelsea,1994,38,F
Kirsty,1994,39,F
Alexandra,1994,40,F
Melissa,1994,41,F
Jennifer,1994,42,F
Hayley,1994,43,F
Louise,1994,44,F
Katherine,1994,45,F
Jodie,1994,46,F
Grace,1994,47,F
Anna,1994,48,F
Molly,1994,49,F
Amber,1994,50,F
Jasmine,1994,51,F
Kayleigh,1994,52,F
Kelly,1994,53,F
Harriet,1994,54,F
Ashleigh,1994,55,F
Catherine,1994,56,F
Leah,1994,57,F
Nicola,1994,58,F
Francesca,1994,59,F
Naomi,1994,60,F
Kate,1994,61,F
Abbie,1994,62,F
Claire,1994,63,F
Leanne,1994,64,F
Rachael,1994,65,F
Rosie,1994,66,F
Aimee,1994,67,F
Ellie,1994,68,F
Sian,1994,69,F
Kimberley,1994,70,F
Lydia,1994,71,F
Hollie,1994,72,F
Stacey,1994,73,F
Bethan,1994,74,F
Amelia,1994,75,F
Beth,1994,76,F
Kathryn,1994,77,F
Heather,1994,78,F
Lisa,1994,79,F
Helen,1994,80,F
Ella,1994,81,F
Robyn,1994,82,F
Chantelle,1994,83,F
Ellen,1994,84,F
Daisy,1994,85,F
Demi,1994,86,F
Courtney,1994,87,F
Gabrielle,1994,88,F
Yasmin,1994,89,F
Lily,1994,90,F
Rhiannon,1994,91,F
Maria,1994,92,F
Kerry,1994,93,F
Imogen,1994,94,F
Rebekah,1994,95,F
